{"cameraMode":{"drawMode":0,"name":"Shaded","section":"Shading Mode"},"sceneLighting":true,"audioPlay":false,"sceneViewState":{"showFog":true,"showMaterialUpdate":false,"showSkybox":true,"showFlares":true,"showImageEffects":true,"showParticleSystems":true},"in2DMode":false,"pivot":{"x":-3.8949947357177736,"y":4.52115535736084,"z":3.632046699523926},"rotation":{"x":-0.09707758575677872,"y":-0.8999632000923157,"z":0.259578675031662,"w":-0.33658483624458315},"size":16.232147216796876,"orthographic":false}