{"cameraMode":{"drawMode":0,"name":"Shaded","section":"Shading Mode"},"sceneLighting":false,"audioPlay":false,"sceneViewState":{"showFog":true,"showMaterialUpdate":false,"showSkybox":false,"showFlares":true,"showImageEffects":true,"showParticleSystems":true},"in2DMode":false,"pivot":{"x":-0.23213894665241242,"y":1.4359489679336548,"z":-4.326732635498047},"rotation":{"x":0.008604836650192738,"y":-0.7775796055793762,"z":0.01080414094030857,"w":0.628836989402771},"size":4.987996578216553,"orthographic":false}