{"cameraMode":{"drawMode":0,"name":"Shaded","section":"Shading Mode"},"sceneLighting":false,"audioPlay":false,"sceneViewState":{"showFog":true,"showMaterialUpdate":false,"showSkybox":false,"showFlares":true,"showImageEffects":true,"showParticleSystems":true},"in2DMode":false,"pivot":{"x":-37.08881378173828,"y":13.320879936218262,"z":-73.17093658447266},"rotation":{"x":0.09615964442491532,"y":-0.7623738050460815,"z":0.1163448840379715,"w":0.6294900178909302},"size":12.094854354858399,"orthographic":false}