{"cameraMode":{"drawMode":0,"name":"Shaded","section":"Shading Mode"},"sceneLighting":false,"audioPlay":false,"sceneViewState":{"showFog":true,"showMaterialUpdate":false,"showSkybox":false,"showFlares":true,"showImageEffects":true,"showParticleSystems":true},"in2DMode":false,"pivot":{"x":-2.3021397590637209,"y":4.234288692474365,"z":9.450216293334961},"rotation":{"x":0.010634324513375759,"y":-0.15663059055805207,"z":0.001966889016330242,"w":0.9877303242683411},"size":12.489137649536133,"orthographic":false}