{"cameraMode":{"drawMode":0,"name":"Shaded","section":"Shading Mode"},"sceneLighting":false,"audioPlay":false,"sceneViewState":{"showFog":true,"showMaterialUpdate":false,"showSkybox":false,"showFlares":true,"showImageEffects":true,"showParticleSystems":true},"in2DMode":false,"pivot":{"x":-0.6497979164123535,"y":2.208676338195801,"z":-4.240640163421631},"rotation":{"x":-0.04991162195801735,"y":-0.628180742263794,"z":-0.04030585661530495,"w":0.775585949420929},"size":5.887997150421143,"orthographic":false}