{"cameraMode":{"drawMode":0,"name":"Shaded","section":"Shading Mode"},"sceneLighting":true,"audioPlay":false,"sceneViewState":{"showFog":true,"showMaterialUpdate":false,"showSkybox":true,"showFlares":true,"showImageEffects":true,"showParticleSystems":true},"in2DMode":false,"pivot":{"x":-9.359271049499512,"y":6.091140270233154,"z":7.75232458114624},"rotation":{"x":0.0020473473705351354,"y":-0.9726873636245728,"z":0.008764130063354969,"w":0.23214147984981538},"size":20.47922706604004,"orthographic":false}