{"cameraMode":{"drawMode":0,"name":"Shaded","section":"Shading Mode"},"sceneLighting":true,"audioPlay":false,"sceneViewState":{"showFog":true,"showMaterialUpdate":false,"showSkybox":true,"showFlares":true,"showImageEffects":true,"showParticleSystems":true},"in2DMode":false,"pivot":{"x":161.78555297851563,"y":-67.457275390625,"z":-26.92444610595703},"rotation":{"x":-0.11588038504123688,"y":-0.7666601538658142,"z":0.14451366662979127,"w":-0.6147753596305847},"size":265.7602844238281,"orthographic":false}