{"cameraMode":{"drawMode":0,"name":"Shaded","section":"Shading Mode"},"sceneLighting":false,"audioPlay":false,"sceneViewState":{"showFog":true,"showMaterialUpdate":false,"showSkybox":false,"showFlares":true,"showImageEffects":true,"showParticleSystems":true},"in2DMode":false,"pivot":{"x":-0.6665399074554443,"y":1.7624025344848633,"z":-4.0421528816223148},"rotation":{"x":-0.04991162195801735,"y":-0.628180742263794,"z":-0.04030585661530495,"w":0.775585949420929},"size":3.4879961013793947,"orthographic":false}