{"cameraMode":{"drawMode":0,"name":"Shaded","section":"Shading Mode"},"sceneLighting":false,"audioPlay":false,"sceneViewState":{"showFog":true,"showMaterialUpdate":false,"showSkybox":false,"showFlares":true,"showImageEffects":true,"showParticleSystems":true},"in2DMode":false,"pivot":{"x":-46.186153411865237,"y":7.85134220123291,"z":-87.2691421508789},"rotation":{"x":0.13416749238967896,"y":-0.7732529044151306,"z":0.17462307214736939,"w":0.5948812961578369},"size":15.681756019592286,"orthographic":false}