{"cameraMode":{"drawMode":0,"name":"Shaded","section":"Shading Mode"},"sceneLighting":false,"audioPlay":false,"sceneViewState":{"showFog":true,"showMaterialUpdate":false,"showSkybox":false,"showFlares":true,"showImageEffects":true,"showParticleSystems":true},"in2DMode":false,"pivot":{"x":0.03330371528863907,"y":0.26579296588897707,"z":1.763578176498413},"rotation":{"x":0.04185570776462555,"y":-0.07991830259561539,"z":-0.0033757169730961324,"w":-0.9959859251976013},"size":1.7154799699783326,"orthographic":false}