{"cameraMode":{"drawMode":0,"name":"Shaded","section":"Shading Mode"},"sceneLighting":false,"audioPlay":false,"sceneViewState":{"showFog":true,"showMaterialUpdate":false,"showSkybox":false,"showFlares":true,"showImageEffects":true,"showParticleSystems":true},"in2DMode":false,"pivot":{"x":-12.027027130126954,"y":3.9397311210632326,"z":3.011918067932129},"rotation":{"x":-0.0035412029828876259,"y":-0.5558239817619324,"z":-0.0022424031049013139,"w":0.8314468860626221},"size":26.197982788085939,"orthographic":false}