{"cameraMode":{"drawMode":0,"name":"Shaded","section":"Shading Mode"},"sceneLighting":false,"audioPlay":false,"sceneViewState":{"showFog":true,"showMaterialUpdate":false,"showSkybox":false,"showFlares":true,"showImageEffects":true,"showParticleSystems":true},"in2DMode":false,"pivot":{"x":0.8616495132446289,"y":0.1346362829208374,"z":-1.7023003101348878},"rotation":{"x":-0.04326750710606575,"y":-0.8476557731628418,"z":-0.06978269666433335,"w":0.5244026184082031},"size":11.514294624328614,"orthographic":false}