{"cameraMode":{"drawMode":0,"name":"Shaded","section":"Shading Mode"},"sceneLighting":true,"audioPlay":false,"sceneViewState":{"showFog":true,"showMaterialUpdate":false,"showSkybox":true,"showFlares":true,"showImageEffects":true,"showParticleSystems":true},"in2DMode":false,"pivot":{"x":0.7166255116462708,"y":-0.14052951335906983,"z":-1.4832417964935303},"rotation":{"x":0.04401358962059021,"y":0.9533976912498474,"z":-0.17201218008995057,"w":0.2439504712820053},"size":3.0006489753723146,"orthographic":false}