{"cameraMode":{"drawMode":0,"name":"Shaded","section":"Shading Mode"},"sceneLighting":false,"audioPlay":false,"sceneViewState":{"showFog":true,"showMaterialUpdate":false,"showSkybox":false,"showFlares":true,"showImageEffects":true,"showParticleSystems":true},"in2DMode":false,"pivot":{"x":-2.31010365486145,"y":0.5269325971603394,"z":18.08380889892578},"rotation":{"x":-0.055732887238264087,"y":0.0446530282497406,"z":-0.002426012884825468,"w":-0.9975301027297974},"size":27.194602966308595,"orthographic":false}