{"cameraMode":{"drawMode":0,"name":"Shaded","section":"Shading Mode"},"sceneLighting":true,"audioPlay":false,"sceneViewState":{"showFog":true,"showMaterialUpdate":false,"showSkybox":true,"showFlares":true,"showImageEffects":true,"showParticleSystems":true},"in2DMode":false,"pivot":{"x":-34.53591537475586,"y":-21.166622161865236,"z":7.08247709274292},"rotation":{"x":-0.19995282590389253,"y":0.6508391499519348,"z":-0.1834879219532013,"w":-0.7091548442840576},"size":72.57355499267578,"orthographic":false}