{"cameraMode":{"drawMode":0,"name":"Shaded","section":"Shading Mode"},"sceneLighting":true,"audioPlay":false,"sceneViewState":{"showFog":true,"showMaterialUpdate":false,"showSkybox":true,"showFlares":true,"showImageEffects":true,"showParticleSystems":true},"in2DMode":false,"pivot":{"x":4.898439884185791,"y":2.127232551574707,"z":1.8889631032943726},"rotation":{"x":-0.2580534517765045,"y":-0.11184751242399216,"z":0.030121171846985818,"w":-0.95920330286026},"size":1.5952048301696778,"orthographic":false}