{"cameraMode":{"drawMode":0,"name":"Shaded","section":"Shading Mode"},"sceneLighting":true,"audioPlay":false,"sceneViewState":{"showFog":true,"showMaterialUpdate":false,"showSkybox":false,"showFlares":true,"showImageEffects":true,"showParticleSystems":true},"in2DMode":false,"pivot":{"x":-14.963385581970215,"y":-4.9025139808654789,"z":16.270767211914064},"rotation":{"x":-0.1538345366716385,"y":0.5330000519752502,"z":-0.10002556443214417,"w":-0.8262351155281067},"size":40.010372161865237,"orthographic":false}