{"cameraMode":{"drawMode":0,"name":"Shaded","section":"Shading Mode"},"sceneLighting":true,"audioPlay":false,"sceneViewState":{"showFog":true,"showMaterialUpdate":false,"showSkybox":true,"showFlares":true,"showImageEffects":true,"showParticleSystems":true},"in2DMode":false,"pivot":{"x":-17.741390228271486,"y":-10.518769264221192,"z":-6.198191165924072},"rotation":{"x":0.07667898386716843,"y":-0.318169504404068,"z":0.025830164551734926,"w":0.9445843696594238},"size":52.74500274658203,"orthographic":false}