{"cameraMode":{"drawMode":0,"name":"Shaded","section":"Shading Mode"},"sceneLighting":true,"audioPlay":false,"sceneViewState":{"showFog":true,"showMaterialUpdate":false,"showSkybox":true,"showFlares":true,"showImageEffects":true,"showParticleSystems":true},"in2DMode":false,"pivot":{"x":384.5263977050781,"y":36.32234191894531,"z":3.958099365234375},"rotation":{"x":-0.00022481130145024508,"y":0.9883325695991516,"z":-0.15240606665611268,"w":-0.0014835892943665386},"size":425.1402587890625,"orthographic":false}