{"cameraMode":{"drawMode":0,"name":"Shaded","section":"Shading Mode"},"sceneLighting":true,"audioPlay":false,"sceneViewState":{"showFog":true,"showMaterialUpdate":false,"showSkybox":true,"showFlares":true,"showImageEffects":true,"showParticleSystems":true},"in2DMode":false,"pivot":{"x":-9.918561935424805,"y":-2.7850964069366457,"z":10.870157241821289},"rotation":{"x":0.12902608513832093,"y":-0.681471049785614,"z":0.12414906173944473,"w":0.7098046541213989},"size":10.990798950195313,"orthographic":false}