{"cameraMode":{"drawMode":0,"name":"Shaded","section":"Shading Mode"},"sceneLighting":false,"audioPlay":false,"sceneViewState":{"showFog":true,"showMaterialUpdate":false,"showSkybox":false,"showFlares":true,"showImageEffects":true,"showParticleSystems":true},"in2DMode":false,"pivot":{"x":-0.8540736436843872,"y":0.017558395862579347,"z":12.841590881347657},"rotation":{"x":0.05608909949660301,"y":-0.5802358388900757,"z":0.0400952585041523,"w":0.8115507364273071},"size":1.977329969406128,"orthographic":false}