{"cameraMode":{"drawMode":0,"name":"Shaded","section":"Shading Mode"},"sceneLighting":false,"audioPlay":false,"sceneViewState":{"showFog":true,"showMaterialUpdate":false,"showSkybox":false,"showFlares":true,"showImageEffects":true,"showParticleSystems":true},"in2DMode":false,"pivot":{"x":-0.5092978477478027,"y":0.3735200762748718,"z":-0.9511488080024719},"rotation":{"x":0.02339578978717327,"y":-0.9764310121536255,"z":0.14041011035442353,"w":0.163126140832901},"size":3.0000569820404054,"orthographic":false}