{"cameraMode":{"drawMode":0,"name":"Shaded","section":"Shading Mode"},"sceneLighting":true,"audioPlay":false,"sceneViewState":{"showFog":true,"showMaterialUpdate":false,"showSkybox":true,"showFlares":true,"showImageEffects":true,"showParticleSystems":true},"in2DMode":false,"pivot":{"x":145.83531188964845,"y":-74.73234558105469,"z":-196.75152587890626},"rotation":{"x":0.08533774316310883,"y":-0.20474788546562196,"z":0.017921607941389085,"w":0.9749298095703125},"size":611.9112548828125,"orthographic":false}