{"cameraMode":{"drawMode":0,"name":"Shaded","section":"Shading Mode"},"sceneLighting":true,"audioPlay":false,"sceneViewState":{"showFog":true,"showMaterialUpdate":false,"showSkybox":true,"showFlares":true,"showImageEffects":true,"showParticleSystems":true},"in2DMode":false,"pivot":{"x":1.7668870687484742,"y":2.601905345916748,"z":8.355390548706055},"rotation":{"x":0.05335013195872307,"y":-0.1082243025302887,"z":-0.005813873838633299,"w":-0.9926979541778565},"size":11.959173202514649,"orthographic":false}