{"cameraMode":{"drawMode":0,"name":"Shaded","section":"Shading Mode"},"sceneLighting":false,"audioPlay":false,"sceneViewState":{"showFog":true,"showMaterialUpdate":false,"showSkybox":true,"showFlares":true,"showImageEffects":true,"showParticleSystems":true},"in2DMode":false,"pivot":{"x":864.9456787109375,"y":192.8970184326172,"z":63.18487548828125},"rotation":{"x":0.092776358127594,"y":-0.2251633107662201,"z":0.022350311279296876,"w":0.9696892499923706},"size":976.2049560546875,"orthographic":false}