{"cameraMode":{"drawMode":0,"name":"Shaded","section":"Shading Mode"},"sceneLighting":true,"audioPlay":false,"sceneViewState":{"showFog":true,"showMaterialUpdate":false,"showSkybox":true,"showFlares":true,"showImageEffects":true,"showParticleSystems":true},"in2DMode":false,"pivot":{"x":5.123971462249756,"y":2.044445514678955,"z":10.416274070739746},"rotation":{"x":-0.17787253856658936,"y":-0.6822604537010193,"z":0.17684823274612428,"w":-0.6869290471076965},"size":29.657217025756837,"orthographic":false}