{"cameraMode":{"drawMode":0,"name":"Shaded","section":"Shading Mode"},"sceneLighting":false,"audioPlay":false,"sceneViewState":{"showFog":true,"showMaterialUpdate":false,"showSkybox":false,"showFlares":true,"showImageEffects":true,"showParticleSystems":true},"in2DMode":false,"pivot":{"x":-12.322094917297364,"y":0.07423222064971924,"z":31.547382354736329},"rotation":{"x":0.031237436458468438,"y":-0.3210616707801819,"z":0.010625886730849743,"w":0.9465357661247253},"size":21.91506576538086,"orthographic":false}