{"cameraMode":{"drawMode":0,"name":"Shaded","section":"Shading Mode"},"sceneLighting":false,"audioPlay":false,"sceneViewState":{"showFog":true,"showMaterialUpdate":false,"showSkybox":false,"showFlares":true,"showImageEffects":true,"showParticleSystems":true},"in2DMode":false,"pivot":{"x":-22.396251678466798,"y":6.310159206390381,"z":-2.3106446266174318},"rotation":{"x":-0.06698620319366455,"y":-0.6754480004310608,"z":-0.061705440282821658,"w":0.7319412231445313},"size":26.039152145385743,"orthographic":false}